,num_words,f1_score,accuracy,loss,time_per_epoch,time
0,250.0,0.2669235310779959,0.6950578338590957,0.9509423971176147,16.691122949123383,333.82245898246765
1,500.0,0.5254546762260973,0.7765509989484752,0.6435535550117493,16.820409750938417,336.4081950187683
2,1000.0,0.5117321859067667,0.7676130389064143,0.5641955137252808,16.84441567659378,336.8883135318756
3,2000.0,0.5391207422041873,0.7544689800210305,0.44987136697769164,16.895704603195192,337.9140920639038
