,layers_num,w_init,b_init,f1_score,loss
0,2,random_uniform,random_uniform,0.2333108563722185,1.5706021785736084
1,2,random_uniform,random_normal,0.23196223870532703,1.630923867225647
2,2,random_normal,random_uniform,0.2208361429534727,1.5686891078948975
3,2,random_normal,random_normal,0.23196223870532703,1.6204019784927368
4,3,random_uniform,random_uniform,0.2545515846257586,1.4974579811096191
5,3,random_uniform,random_normal,0.25623735670937287,1.6328411102294922
6,3,random_normal,random_uniform,0.2677006068779501,1.2515418529510498
7,3,random_normal,random_normal,0.1975724881995954,1.7244842052459717
