,experiment,f1_score,loss,time_per_epoch,time
0,DA: none,0.40391099123398516,1.094461441040039,4.203110790252685,105.07776975631714
1,DA: flip,0.399527983816588,1.6290771961212158,4.322323026657105,108.05807566642761
2,DA: rotate,0.385030343897505,1.7873735427856445,4.331268663406372,108.2817165851593
3,DA: adjustments,0.38840188806473364,1.2762428522109985,4.341320066452027,108.53300166130066
4,DA: random,0.38975050573162506,1.7274893522262573,4.35677791595459,108.91944789886475
